Species,Tool / mode,Complete (%),Single-copy (n),Duplicated (n),Fragmented (n),Missing (n),Total BUSCOs
Arabidopsis thaliana,ANNEVO v2.2,99.1,418,3,3,1,425
Arabidopsis thaliana,Helixer (land_plant v0.3),99.5,420,3,1,1,425
Arabidopsis thaliana,Tiberius v1.1.7,98.4,416,2,1,6,425
Arabidopsis thaliana,Tiberius v1.1.7 (soft-masked input),98.8,418,2,1,4,425
Arabidopsis thaliana,"TransGenic 160M, de novo",59.3,238,14,146,27,425
Arabidopsis thaliana,"TransGenic 160M, reference-prompted",98.4,375,43,6,1,425
Arabidopsis thaliana,"TransGenic 160M, self-prompted",57.6,0,245,152,28,425
Arabidopsis thaliana,"TransGenic 400M, de novo",74.8,309,9,86,21,425
Arabidopsis thaliana,"TransGenic 400M, reference-prompted",97.9,0,416,8,1,425
Arabidopsis thaliana,"TransGenic 400M, self-prompted",74.6,0,317,87,21,425
Brachypodium distachyon,ANNEVO v2.2,97.9,413,3,6,3,425
Brachypodium distachyon,Helixer (land_plant v0.3),99.1,416,5,4,0,425
Brachypodium distachyon,Tiberius v1.1.7,89.4,374,6,27,18,425
Brachypodium distachyon,Tiberius v1.1.7 (soft-masked input),88.7,370,7,32,16,425
Brachypodium distachyon,"TransGenic 160M, de novo",45.2,176,16,169,64,425
Brachypodium distachyon,"TransGenic 160M, reference-prompted",98.6,381,38,4,2,425
Brachypodium distachyon,"TransGenic 160M, self-prompted",44.5,152,37,171,65,425
Brachypodium distachyon,"TransGenic 400M, de novo",64.5,255,19,111,40,425
Brachypodium distachyon,"TransGenic 400M, reference-prompted",98.6,378,41,5,1,425
Brachypodium distachyon,"TransGenic 400M, self-prompted",63.8,241,30,113,41,425
Brassica rapa,ANNEVO v2.2,66.1,252,29,14,130,425
Brassica rapa,Helixer (land_plant v0.3),98.6,359,60,3,3,425
Brassica rapa,Tiberius v1.1.7,98.4,359,59,4,3,425
Brassica rapa,Tiberius v1.1.7 (soft-masked input),99.3,365,57,1,2,425
Brassica rapa,"TransGenic 160M, de novo",61.4,225,36,139,25,425
Brassica rapa,"TransGenic 160M, reference-prompted",98.8,329,91,3,2,425
Brassica rapa,"TransGenic 160M, self-prompted",59.5,199,54,144,28,425
Brassica rapa,"TransGenic 400M, de novo",78.6,285,49,69,22,425
Brassica rapa,"TransGenic 400M, reference-prompted",98.8,331,89,3,2,425
Brassica rapa,"TransGenic 400M, self-prompted",78.1,268,64,70,23,425
Glycine max,ANNEVO v2.2,99.8,194,230,1,0,425
Glycine max,Helixer (land_plant v0.3),99.3,187,235,3,0,425
Glycine max,Tiberius v1.1.7,99.5,180,243,1,1,425
Glycine max,Tiberius v1.1.7 (soft-masked input),99.8,179,245,1,0,425
Glycine max,"TransGenic 160M, de novo",52.5,141,82,152,50,425
Glycine max,"TransGenic 160M, reference-prompted",98.8,172,248,3,2,425
Glycine max,"TransGenic 160M, self-prompted",52.9,122,103,149,51,425
Glycine max,"TransGenic 400M, de novo",70.4,179,120,93,33,425
Glycine max,"TransGenic 400M, reference-prompted",99.1,174,247,2,2,425
Glycine max,"TransGenic 400M, self-prompted",70.6,177,123,93,32,425
Lactuca sativa,ANNEVO v2.2,98.6,415,4,4,2,425
Lactuca sativa,Helixer (land_plant v0.3),99.1,416,5,3,1,425
Lactuca sativa,Tiberius v1.1.7,96.7,406,5,7,7,425
Lactuca sativa,Tiberius v1.1.7 (soft-masked input),96.2,404,5,8,8,425
Lactuca sativa,"TransGenic 160M, de novo",54.1,218,12,136,59,425
Lactuca sativa,"TransGenic 160M, reference-prompted",96.5,354,56,9,6,425
Lactuca sativa,"TransGenic 160M, self-prompted",52.2,189,33,144,59,425
Lactuca sativa,"TransGenic 400M, de novo",62.6,252,14,113,46,425
Lactuca sativa,"TransGenic 400M, reference-prompted",96.5,345,65,9,6,425
Oryza sativa,ANNEVO v2.2,97.6,404,11,10,0,425
Oryza sativa,Helixer (land_plant v0.3),98.8,410,10,4,1,425
Oryza sativa,Tiberius v1.1.7,92.5,384,9,27,5,425
Oryza sativa,Tiberius v1.1.7 (soft-masked input),93.2,388,8,25,4,425
Oryza sativa,"TransGenic 160M, de novo",52.2,205,17,137,66,425
Oryza sativa,"TransGenic 160M, reference-prompted",90.6,345,40,28,12,425
Oryza sativa,"TransGenic 160M, self-prompted",51.5,176,43,139,67,425
Oryza sativa,"TransGenic 400M, de novo",65.4,264,14,100,47,425
Oryza sativa,"TransGenic 400M, reference-prompted",91.8,348,42,23,12,425
Oryza sativa,"TransGenic 400M, self-prompted",65.2,242,35,100,48,425
Physcomitrium patens,ANNEVO v2.2,96.5,361,49,6,9,425
Physcomitrium patens,Helixer (land_plant v0.3),94.6,353,49,11,12,425
Physcomitrium patens,Tiberius v1.1.7,78.6,297,37,29,62,425
Physcomitrium patens,Tiberius v1.1.7 (soft-masked input),84.0,314,43,31,37,425
Physcomitrium patens,"TransGenic 160M, de novo",52.9,19,206,133,67,425
Physcomitrium patens,"TransGenic 160M, reference-prompted",97.2,17,396,3,9,425
Physcomitrium patens,"TransGenic 160M, self-prompted",52.5,34,189,136,66,425
Physcomitrium patens,"TransGenic 400M, de novo",62.4,11,254,101,59,425
Physcomitrium patens,"TransGenic 400M, reference-prompted",97.2,26,387,3,9,425
Physcomitrium patens,"TransGenic 400M, self-prompted",62.4,0,265,105,55,425
Populus trichocarpa,ANNEVO v2.2,98.8,348,72,4,1,425
Populus trichocarpa,Helixer (land_plant v0.3),99.5,354,69,2,0,425
Populus trichocarpa,Tiberius v1.1.7,99.3,353,69,2,1,425
Populus trichocarpa,Tiberius v1.1.7 (soft-masked input),98.8,351,69,3,2,425
Populus trichocarpa,"TransGenic 160M, de novo",52.9,196,29,157,43,425
Populus trichocarpa,"TransGenic 160M, reference-prompted",98.8,307,113,4,1,425
Populus trichocarpa,"TransGenic 160M, self-prompted",52.5,171,52,159,43,425
Populus trichocarpa,"TransGenic 400M, de novo",64.0,228,44,123,30,425
Populus trichocarpa,"TransGenic 400M, reference-prompted",98.8,0,420,4,1,425
Populus trichocarpa,"TransGenic 400M, self-prompted",64.0,202,70,123,30,425
Sorghum bicolor,ANNEVO v2.2,97.9,410,6,8,1,425
Sorghum bicolor,Helixer (land_plant v0.3),97.4,409,5,10,1,425
Sorghum bicolor,Tiberius v1.1.7,93.6,393,5,20,7,425
Sorghum bicolor,Tiberius v1.1.7 (soft-masked input),94.6,397,5,14,9,425
Sorghum bicolor,"TransGenic 160M, de novo",50.6,204,11,152,58,425
Sorghum bicolor,"TransGenic 160M, reference-prompted",99.8,383,41,0,1,425
Sorghum bicolor,"TransGenic 160M, self-prompted",52.7,211,13,138,63,425
Sorghum bicolor,"TransGenic 400M, de novo",52.7,210,14,138,63,425
Sorghum bicolor,"TransGenic 400M, reference-prompted",100.0,381,44,0,0,425
Sorghum bicolor,"TransGenic 400M, self-prompted",52.7,210,14,139,62,425
Setaria italica,ANNEVO v2.2,97.2,406,7,10,2,425
Setaria italica,Helixer (land_plant v0.3),98.1,410,7,8,0,425
Setaria italica,Tiberius v1.1.7,93.4,390,7,22,6,425
Setaria italica,Tiberius v1.1.7 (soft-masked input),91.8,381,9,28,7,425
Setaria italica,"TransGenic 160M, de novo",54.1,221,9,146,49,425
Setaria italica,"TransGenic 160M, reference-prompted",97.9,377,39,5,4,425
Setaria italica,"TransGenic 160M, self-prompted",53.9,195,34,147,49,425
Setaria italica,"TransGenic 400M, de novo",68.0,275,14,95,41,425
Setaria italica,"TransGenic 400M, reference-prompted",97.9,386,30,5,4,425
Setaria italica,"TransGenic 400M, self-prompted",68.0,260,29,96,40,425
Solanum lycopersicum,ANNEVO v2.2,97.6,411,4,7,3,425
Solanum lycopersicum,Helixer (land_plant v0.3),96.7,405,6,11,3,425
Solanum lycopersicum,Tiberius v1.1.7,94.6,398,4,7,16,425
Solanum lycopersicum,Tiberius v1.1.7 (soft-masked input),96.2,404,5,6,10,425
Solanum lycopersicum,"TransGenic 160M, de novo",37.2,144,14,155,112,425
Solanum lycopersicum,"TransGenic 160M, reference-prompted",92.0,221,170,9,25,425
Solanum lycopersicum,"TransGenic 160M, self-prompted",37.2,0,158,157,110,425
Solanum lycopersicum,"TransGenic 400M, de novo",49.2,187,22,130,86,425
Solanum lycopersicum,"TransGenic 400M, reference-prompted",92.2,235,157,9,24,425
Solanum lycopersicum,"TransGenic 400M, self-prompted",48.5,0,206,133,86,425
Vitis vinifera,ANNEVO v2.2,98.8,413,7,2,3,425
Vitis vinifera,Helixer (land_plant v0.3),94.4,396,5,24,0,425
Vitis vinifera,Tiberius v1.1.7,97.2,406,7,6,6,425
Vitis vinifera,"TransGenic 160M, de novo",35.3,129,21,154,121,425
Vitis vinifera,"TransGenic 160M, reference-prompted",90.6,369,16,9,31,425
Vitis vinifera,"TransGenic 160M, self-prompted",34.6,106,41,151,127,425
Vitis vinifera,"TransGenic 400M, de novo",48.0,190,14,116,105,425
Vitis vinifera,"TransGenic 400M, reference-prompted",90.4,365,19,11,30,425
Vitis vinifera,"TransGenic 400M, self-prompted",48.2,176,29,113,107,425
Zea mays,ANNEVO v2.2,97.6,383,32,10,0,425
Zea mays,Helixer (land_plant v0.3),97.6,378,37,10,0,425
Zea mays,Tiberius v1.1.7,76.7,300,26,82,17,425
Zea mays,Tiberius v1.1.7 (soft-masked input),0.2,1,0,0,424,425
Zea mays,"TransGenic 160M, de novo",38.1,141,21,166,97,425
Zea mays,"TransGenic 160M, reference-prompted",77.6,252,78,66,29,425
Zea mays,"TransGenic 160M, self-prompted",37.6,122,38,168,97,425
Zea mays,"TransGenic 400M, de novo",50.6,187,28,129,81,425
Zea mays,"TransGenic 400M, reference-prompted",78.1,0,332,69,24,425
Zea mays,"TransGenic 400M, self-prompted",50.4,179,35,126,85,425
