Species,Prediction set,Transcripts (n),Checked (n),Frame failure (n),No ATG start (n),No terminal stop (n),Internal stop (n),Fully consistent (n),Fully consistent (%),Duplicate transcripts (n),Mean isoforms per gene
Arabidopsis thaliana,Reference annotation,35176,35176,32,6,8,43,35128,99.86,1,1.293
Arabidopsis thaliana,"TransGenic 160M, de novo",27524,27524,15955,10574,19800,21338,2027,7.36,164,1.012
Arabidopsis thaliana,"TransGenic 160M, reference-prompted",30068,30068,485,221,224,550,29337,97.57,870,1.105
Arabidopsis thaliana,"TransGenic 160M, self-prompted",91592,91592,54509,35958,66889,69660,5922,6.47,3965,1.251
Arabidopsis thaliana,"TransGenic 400M, de novo",27422,27422,13478,2696,8081,15838,6814,24.85,62,1.008
Arabidopsis thaliana,"TransGenic 400M, reference-prompted",59426,59426,1616,210,540,1566,57484,96.73,622,1.092
Arabidopsis thaliana,"TransGenic 400M, reference-prompted (deduplicated)",29713,29713,808,105,270,783,28742,96.73,311,1.092
Arabidopsis thaliana,"TransGenic 400M, self-prompted",93063,93063,46575,10257,28404,52953,22068,23.71,2145,1.141
Brachypodium distachyon,Reference annotation,52972,52972,1,1039,465,0,51518,97.26,5,1.544
Brachypodium distachyon,"TransGenic 160M, de novo",35965,35965,20704,16121,26557,28516,2836,7.89,922,1.049
Brachypodium distachyon,"TransGenic 160M, reference-prompted",39315,39315,769,1151,1044,809,36920,93.91,2620,1.145
Brachypodium distachyon,"TransGenic 160M, self-prompted",47460,47460,28042,20701,35515,36778,3374,7.11,5460,1.386
Brachypodium distachyon,"TransGenic 400M, de novo",34922,34922,17466,4640,12187,22149,7581,21.71,248,1.02
Brachypodium distachyon,"TransGenic 400M, reference-prompted",37866,37866,502,1018,599,554,35898,94.8,1021,1.103
Brachypodium distachyon,"TransGenic 400M, self-prompted",40731,40731,20787,5990,14434,24946,8604,21.12,1529,1.19
Brassica rapa,Reference annotation,57411,57411,0,15,16,0,57388,99.96,18665,1.482
Brassica rapa,"TransGenic 160M, de novo",39630,39630,23910,14921,28502,30923,2650,6.69,463,1.024
Brassica rapa,"TransGenic 160M, reference-prompted",45174,45174,1767,1030,725,1757,42664,94.44,3035,1.166
Brassica rapa,"TransGenic 160M, self-prompted",50877,50877,31036,20150,37189,38625,2976,5.85,3490,1.314
Brassica rapa,"TransGenic 400M, de novo",39254,39254,20699,3689,11374,23003,8755,22.3,100,1.014
Brassica rapa,"TransGenic 400M, reference-prompted",42707,42707,1009,258,221,1016,41446,97.05,458,1.103
Brassica rapa,"TransGenic 400M, self-prompted",45241,45241,24410,4936,13564,26042,9624,21.27,1515,1.169
Glycine max,Reference annotation,80374,80374,0,5,4,0,80367,99.99,57,1.661
Glycine max,"TransGenic 160M, de novo",53207,53207,33352,24122,41580,45001,1880,3.53,2372,1.104
Glycine max,"TransGenic 160M, reference-prompted",61974,61974,2272,1357,914,2609,58721,94.75,7957,1.282
Glycine max,"TransGenic 160M, self-prompted",75853,75853,48703,37098,59927,63752,2216,2.92,12423,1.577
Glycine max,"TransGenic 400M, de novo",51116,51116,29313,6172,17454,33869,7671,15.01,770,1.062
Glycine max,"TransGenic 400M, reference-prompted",56965,56965,1318,506,365,1667,54910,96.39,2550,1.18
Glycine max,"TransGenic 400M, self-prompted",66024,66024,38719,9776,24315,43409,8989,13.61,6960,1.373
Lactuca sativa,Reference annotation,62656,62656,0,1547,1626,0,59939,95.66,698,1.61
Lactuca sativa,"TransGenic 160M, de novo",41103,41103,22631,22704,33277,34835,1579,3.84,1232,1.058
Lactuca sativa,"TransGenic 160M, reference-prompted",47741,47741,3875,3902,3230,4588,39740,83.24,5031,1.226
Lactuca sativa,"TransGenic 160M, self-prompted",49243,49243,27442,27936,39833,40524,1692,3.44,3019,1.268
Lactuca sativa,"TransGenic 400M, reference-prompted",45628,45628,3731,2597,1881,4425,38976,85.42,2600,1.173
Oryza sativa,Reference annotation,52398,52398,7,0,7,7,52391,99.99,2,1.242
Oryza sativa,"TransGenic 160M, de novo",43032,43032,23639,20815,32063,33749,3718,8.64,496,1.021
Oryza sativa,"TransGenic 160M, reference-prompted",46115,46115,540,228,295,587,45382,98.41,1847,1.093
Oryza sativa,"TransGenic 160M, self-prompted",54481,54481,30922,25624,40624,42148,4486,8.23,5114,1.293
Oryza sativa,"TransGenic 400M, de novo",42783,42783,19641,5885,14575,25369,11712,27.38,241,1.015
Oryza sativa,"TransGenic 400M, reference-prompted",44831,44831,568,91,253,510,44034,98.22,310,1.063
Oryza sativa,"TransGenic 400M, self-prompted",48729,48729,22879,7061,16689,28671,12799,26.27,1790,1.156
Physcomitrium patens,Reference annotation,87513,87513,0,1762,870,0,85010,97.14,5,2.658
Physcomitrium patens,"TransGenic 160M, de novo",57136,57136,33583,32901,46781,51185,1190,2.08,2218,1.741
Physcomitrium patens,"TransGenic 160M, reference-prompted",70186,70186,2528,3314,1835,3105,64192,91.46,14020,2.136
Physcomitrium patens,"TransGenic 160M, self-prompted",84644,84644,49612,51328,68893,76529,1682,1.99,15289,1.971
Physcomitrium patens,"TransGenic 400M, de novo",58143,58143,33094,8779,22085,45770,5202,8.95,2210,1.77
Physcomitrium patens,"TransGenic 400M, reference-prompted",70767,70767,2028,2431,1400,2286,65603,92.7,13435,2.153
Physcomitrium patens,"TransGenic 400M, self-prompted",113296,113296,64656,22466,46198,88838,9126,8.06,10962,1.727
Populus trichocarpa,Reference annotation,52400,52400,0,92,65,0,52266,99.74,33,1.51
Populus trichocarpa,"TransGenic 160M, de novo",37122,37122,22647,16595,28688,31282,1483,3.99,1216,1.07
Populus trichocarpa,"TransGenic 160M, reference-prompted",43845,43845,1503,688,953,1713,41640,94.97,4867,1.262
Populus trichocarpa,"TransGenic 160M, self-prompted",51998,51998,32777,23392,41548,43418,1775,3.41,7367,1.497
Populus trichocarpa,"TransGenic 400M, de novo",36101,36101,20090,4357,12482,24873,5261,14.57,322,1.043
Populus trichocarpa,"TransGenic 400M, reference-prompted",81880,81880,2738,662,1172,2560,78264,95.58,3314,1.18
Populus trichocarpa,"TransGenic 400M, self-prompted",45331,45331,26220,6017,16568,31056,5983,13.2,4037,1.311
Sorghum bicolor,Reference annotation,44210,44210,0,162,113,0,43938,99.38,26,1.375
Sorghum bicolor,"TransGenic 160M, de novo",34439,34439,20505,14586,24930,27091,2707,7.86,1456,1.074
Sorghum bicolor,"TransGenic 160M, reference-prompted",35745,35745,918,651,498,1007,34299,95.95,1284,1.113
Sorghum bicolor,"TransGenic 160M, self-prompted",33747,33747,18134,6876,14813,23282,4637,13.74,1346,1.06
Sorghum bicolor,"TransGenic 400M, de novo",33632,33632,18200,7091,14881,23347,4643,13.81,703,1.056
Sorghum bicolor,"TransGenic 400M, reference-prompted",35716,35716,690,318,298,726,34515,96.64,1062,1.112
Sorghum bicolor,"TransGenic 400M, self-prompted",33029,33029,17891,6735,14197,22809,4659,14.11,488,1.038
Setaria italica,Reference annotation,43001,43001,1,384,247,0,42378,98.55,4,1.243
Setaria italica,"TransGenic 160M, de novo",35939,35939,20454,15523,25828,28143,3274,9.11,843,1.041
Setaria italica,"TransGenic 160M, reference-prompted",36964,36964,310,593,424,595,35694,96.56,1084,1.07
Setaria italica,"TransGenic 160M, self-prompted",47658,47658,27614,20649,34394,35805,4093,8.59,5601,1.382
Setaria italica,"TransGenic 400M, de novo",35079,35079,17170,4377,10533,21244,8939,25.48,195,1.016
Setaria italica,"TransGenic 400M, reference-prompted",36283,36283,290,481,445,336,35229,97.1,261,1.05
Setaria italica,"TransGenic 400M, self-prompted",40340,40340,20148,5500,12280,24030,9917,24.58,1380,1.17
Solanum lycopersicum,Reference annotation,43752,43752,0,2711,484,0,40660,92.93,7104,1.194
Solanum lycopersicum,"TransGenic 160M, de novo",40093,40088,20852,24924,33033,35159,1578,3.94,2070,1.109
Solanum lycopersicum,"TransGenic 160M, reference-prompted",60292,60292,2669,5301,2400,3201,52111,86.43,8198,1.209
Solanum lycopersicum,"TransGenic 160M, self-prompted",99053,99045,54151,62362,81791,85927,3280,3.31,13248,1.37
Solanum lycopersicum,"TransGenic 400M, de novo",38724,38719,19058,9093,19138,29857,4711,12.17,1024,1.069
Solanum lycopersicum,"TransGenic 400M, reference-prompted",51723,51723,1472,4097,1119,1650,46046,89.02,1980,1.08
Solanum lycopersicum,"TransGenic 400M, self-prompted",91531,91523,46762,23563,46112,70158,10226,11.17,9404,1.264
Vitis vinifera,Reference annotation,48974,48974,22,18,1005,32,47935,97.88,0,1.021
Vitis vinifera,"TransGenic 160M, de novo",51616,51616,22815,33138,43373,45394,1941,3.76,2250,1.087
Vitis vinifera,"TransGenic 160M, reference-prompted",44531,44531,1467,849,1833,1983,41432,93.04,3161,1.119
Vitis vinifera,"TransGenic 160M, self-prompted",62371,62371,30143,39949,52749,54554,2009,3.22,5831,1.316
Vitis vinifera,"TransGenic 400M, de novo",49367,49367,19642,12297,27562,37684,6487,13.14,665,1.043
Vitis vinifera,"TransGenic 400M, reference-prompted",42552,42552,1270,654,1390,1841,39681,93.25,968,1.069
Vitis vinifera,"TransGenic 400M, self-prompted",57540,57540,24826,15127,32208,43705,6880,11.96,2743,1.218
Zea mays,Reference annotation,131318,131318,0,813,3100,0,127417,97.03,0,3.339
Zea mays,"TransGenic 160M, de novo",42383,42383,24029,20625,31057,33884,4174,9.85,2048,1.089
Zea mays,"TransGenic 160M, reference-prompted",55560,55560,3909,3039,3232,5206,48008,86.41,9386,1.421
Zea mays,"TransGenic 160M, self-prompted",56702,56702,33062,27842,41894,44300,4926,8.69,9344,1.457
Zea mays,"TransGenic 400M, de novo",41135,41135,20476,7003,14270,26661,9775,23.76,1006,1.055
Zea mays,"TransGenic 400M, reference-prompted",152898,152898,8760,4374,7173,9750,137685,90.05,13806,1.307
Zea mays,"TransGenic 400M, self-prompted",46172,46172,23529,9202,16302,28988,10386,22.49,2404,1.186
