species_variant,n_genes,n_transcripts,no_cds,checked,frame_fail,no_start_atg,no_terminal_stop,internal_stop,fully_consistent,pct_fully_consistent,duplicate_transcripts,genes_with_duplicates,mean_isoforms_per_gene
A_thaliana_REF,27206,35176,0,35176,32,6,8,43,35128,99.86,1,1,1.293
A_thaliana_transgenic160M,27193,27524,0,27524,15955,10574,19800,21338,2027,7.36,164,49,1.012
A_thaliana_transgenic160M_prompt_denovo,73205,91592,0,91592,54509,35958,66889,69660,5922,6.47,3965,628,1.251
A_thaliana_transgenic160Mprompt,27202,30068,0,30068,485,221,224,550,29337,97.57,870,41,1.105
A_thaliana_transgenic400M,27193,27422,0,27422,13478,2696,8081,15838,6814,24.85,62,16,1.008
A_thaliana_transgenic400M_prompt_denovo,81570,93063,0,93063,46575,10257,28404,52953,22068,23.71,2145,1602,1.141
A_thaliana_transgenic400Mprompt,54408,59426,0,59426,1616,210,540,1566,57484,96.73,622,64,1.092
A_thaliana_transgenic400Mprompt_beam1,27204,29713,0,29713,808,105,270,783,28742,96.73,311,32,1.092
B_distachyon_REF,34310,52972,0,52972,1,1039,465,0,51518,97.26,5,5,1.544
B_distachyon_transgenic160M,34272,35965,0,35965,20704,16121,26557,28516,2836,7.89,922,253,1.049
B_distachyon_transgenic160M_prompt_denovo,34254,47460,0,47460,28042,20701,35515,36778,3374,7.11,5460,492,1.386
B_distachyon_transgenic160Mprompt,34341,39315,0,39315,769,1151,1044,809,36920,93.91,2620,108,1.145
B_distachyon_transgenic400M,34244,34922,0,34922,17466,4640,12187,22149,7581,21.71,248,110,1.02
B_distachyon_transgenic400M_prompt_denovo,34228,40731,0,40731,20787,5990,14434,24946,8604,21.12,1529,683,1.19
B_distachyon_transgenic400Mprompt,34323,37866,0,37866,502,1018,599,554,35898,94.8,1021,63,1.103
B_rapa_REF,38746,57411,0,57411,0,15,16,0,57388,99.96,18665,9573,1.482
B_rapa_transgenic160M,38720,39630,0,39630,23910,14921,28502,30923,2650,6.69,463,95,1.024
B_rapa_transgenic160M_prompt_denovo,38715,50877,0,50877,31036,20150,37189,38625,2976,5.85,3490,371,1.314
B_rapa_transgenic160Mprompt,38727,45174,0,45174,1767,1030,725,1757,42664,94.44,3035,114,1.166
B_rapa_transgenic400M,38714,39254,0,39254,20699,3689,11374,23003,8755,22.3,100,40,1.014
B_rapa_transgenic400M_prompt_denovo,38703,45241,0,45241,24410,4936,13564,26042,9624,21.27,1515,1074,1.169
B_rapa_transgenic400Mprompt,38730,42707,0,42707,1009,258,221,1016,41446,97.05,458,64,1.103
G_max_REF,48387,80374,0,80374,0,5,4,0,80367,99.99,57,51,1.661
G_max_transgenic160M,48178,53207,0,53207,33352,24122,41580,45001,1880,3.53,2372,687,1.104
G_max_transgenic160M_prompt_denovo,48102,75853,0,75853,48703,37098,59927,63752,2216,2.92,12423,1151,1.577
G_max_transgenic160Mprompt,48340,61974,0,61974,2272,1357,914,2609,58721,94.75,7957,236,1.282
G_max_transgenic400M,48112,51116,0,51116,29313,6172,17454,33869,7671,15.01,770,243,1.062
G_max_transgenic400M_prompt_denovo,48098,66024,0,66024,38719,9776,24315,43409,8989,13.61,6960,2359,1.373
G_max_transgenic400Mprompt,48283,56965,0,56965,1318,506,365,1667,54910,96.39,2550,160,1.18
L_sativa_REF,38910,62656,0,62656,0,1547,1626,0,59939,95.66,698,691,1.61
L_sativa_transgenic160M,38861,41103,0,41103,22631,22704,33277,34835,1579,3.84,1232,262,1.058
L_sativa_transgenic160M_prompt_denovo,38848,49243,0,49243,27442,27936,39833,40524,1692,3.44,3019,437,1.268
L_sativa_transgenic160Mprompt,38945,47741,0,47741,3875,3902,3230,4588,39740,83.24,5031,163,1.226
L_sativa_transgenic400M,1792,1816,0,1816,939,311,818,1308,230,12.67,3,3,1.013
L_sativa_transgenic400M_prompt_denovo,1790,2033,0,2033,1076,383,924,1432,240,11.81,43,43,1.136
L_sativa_transgenic400Mprompt,38884,45628,0,45628,3731,2597,1881,4425,38976,85.42,2600,94,1.173
O_sativa_REF,42189,52398,0,52398,7,0,7,7,52391,99.99,2,2,1.242
O_sativa_transgenic160M,42137,43032,0,43032,23639,20815,32063,33749,3718,8.64,496,167,1.021
O_sativa_transgenic160M_prompt_denovo,42126,54481,0,54481,30922,25624,40624,42148,4486,8.23,5114,452,1.293
O_sativa_transgenic160Mprompt,42174,46115,0,46115,540,228,295,587,45382,98.41,1847,68,1.093
O_sativa_transgenic400M,42158,42783,0,42783,19641,5885,14575,25369,11712,27.38,241,90,1.015
O_sativa_transgenic400M_prompt_denovo,42145,48729,0,48729,22879,7061,16689,28671,12799,26.27,1790,785,1.156
O_sativa_transgenic400Mprompt,42176,44831,0,44831,568,91,253,510,44034,98.22,310,37,1.063
P_patens_REF,32926,87513,0,87513,0,1762,870,0,85010,97.14,5,5,2.658
P_patens_transgenic160M,32825,57136,0,57136,33583,32901,46781,51185,1190,2.08,2218,770,1.741
P_patens_transgenic160M_prompt_denovo,42954,84644,0,84644,49612,51328,68893,76529,1682,1.99,15289,792,1.971
P_patens_transgenic160Mprompt,32865,70186,0,70186,2528,3314,1835,3105,64192,91.46,14020,919,2.136
P_patens_transgenic400M,32849,58143,0,58143,33094,8779,22085,45770,5202,8.95,2210,721,1.77
P_patens_transgenic400M_prompt_denovo,65602,113296,0,113296,64656,22466,46198,88838,9126,8.06,10962,1012,1.727
P_patens_transgenic400Mprompt,32867,70767,0,70767,2028,2431,1400,2286,65603,92.7,13435,1164,2.153
P_trichocarpa_REF,34699,52400,0,52400,0,92,65,0,52266,99.74,33,32,1.51
P_trichocarpa_transgenic160M,34686,37122,0,37122,22647,16595,28688,31282,1483,3.99,1216,309,1.07
P_trichocarpa_transgenic160M_prompt_denovo,34729,51998,0,51998,32777,23392,41548,43418,1775,3.41,7367,740,1.497
P_trichocarpa_transgenic160Mprompt,34735,43845,0,43845,1503,688,953,1713,41640,94.97,4867,155,1.262
P_trichocarpa_transgenic400M,34610,36101,0,36101,20090,4357,12482,24873,5261,14.57,322,134,1.043
P_trichocarpa_transgenic400M_prompt_denovo,34569,45331,0,45331,26220,6017,16568,31056,5983,13.2,4037,1400,1.311
P_trichocarpa_transgenic400Mprompt,69372,81880,0,81880,2738,662,1172,2560,78264,95.58,3314,206,1.18
S_bicolor_REF,32160,44210,0,44210,0,162,113,0,43938,99.38,26,25,1.375
S_bicolor_transgenic160M,32068,34439,0,34439,20505,14586,24930,27091,2707,7.86,1456,337,1.074
S_bicolor_transgenic160M_prompt_denovo,31823,33747,0,33747,18134,6876,14813,23282,4637,13.74,1346,70,1.06
S_bicolor_transgenic160Mprompt,32119,35745,0,35745,918,651,498,1007,34299,95.95,1284,90,1.113
S_bicolor_transgenic400M,31842,33632,0,33632,18200,7091,14881,23347,4643,13.81,703,178,1.056
S_bicolor_transgenic400M_prompt_denovo,31823,33029,0,33029,17891,6735,14197,22809,4659,14.11,488,41,1.038
S_bicolor_transgenic400Mprompt,32117,35716,0,35716,690,318,298,726,34515,96.64,1062,55,1.112
S_italica_REF,34584,43001,0,43001,1,384,247,0,42378,98.55,4,4,1.243
S_italica_transgenic160M,34523,35939,0,35939,20454,15523,25828,28143,3274,9.11,843,208,1.041
S_italica_transgenic160M_prompt_denovo,34497,47658,0,47658,27614,20649,34394,35805,4093,8.59,5601,500,1.382
S_italica_transgenic160Mprompt,34556,36964,0,36964,310,593,424,595,35694,96.56,1084,45,1.07
S_italica_transgenic400M,34510,35079,0,35079,17170,4377,10533,21244,8939,25.48,195,84,1.016
S_italica_transgenic400M_prompt_denovo,34488,40340,0,40340,20148,5500,12280,24030,9917,24.58,1380,747,1.17
S_italica_transgenic400Mprompt,34562,36283,0,36283,290,481,445,336,35229,97.1,261,26,1.05
S_lycopersicum_REF,36648,43752,0,43752,0,2711,484,0,40660,92.93,7104,3808,1.194
S_lycopersicum_transgenic160M,36145,40093,0,40088,20852,24924,33033,35159,1578,3.94,2070,721,1.109
S_lycopersicum_transgenic160M_prompt_denovo,72285,99053,0,99045,54151,62362,81791,85927,3280,3.31,13248,1178,1.37
S_lycopersicum_transgenic160Mprompt,49856,60292,0,60292,2669,5301,2400,3201,52111,86.43,8198,308,1.209
S_lycopersicum_transgenic400M,36234,38724,0,38719,19058,9093,19138,29857,4711,12.17,1024,342,1.069
S_lycopersicum_transgenic400M_prompt_denovo,72431,91531,0,91523,46762,23563,46112,70158,10226,11.17,9404,2242,1.264
S_lycopersicum_transgenic400Mprompt,47900,51723,0,51723,1472,4097,1119,1650,46046,89.02,1980,97,1.08
V_vinifera_REF,47971,48974,0,48974,22,18,1005,32,47935,97.88,0,0,1.021
V_vinifera_transgenic160M,47467,51616,0,51616,22815,33138,43373,45394,1941,3.76,2250,810,1.087
V_vinifera_transgenic160M_prompt_denovo,47393,62371,0,62371,30143,39949,52749,54554,2009,3.22,5831,700,1.316
V_vinifera_transgenic160Mprompt,39782,44531,0,44531,1467,849,1833,1983,41432,93.04,3161,104,1.119
V_vinifera_transgenic400M,47315,49367,0,49367,19642,12297,27562,37684,6487,13.14,665,311,1.043
V_vinifera_transgenic400M_prompt_denovo,47260,57540,0,57540,24826,15127,32208,43705,6880,11.96,2743,917,1.218
V_vinifera_transgenic400Mprompt,39803,42552,0,42552,1270,654,1390,1841,39681,93.25,968,51,1.069
Z_mays_REF,39324,131318,0,131318,0,813,3100,0,127417,97.03,0,0,3.339
Z_mays_transgenic160M,38909,42383,0,42383,24029,20625,31057,33884,4174,9.85,2048,705,1.089
Z_mays_transgenic160M_prompt_denovo,38922,56702,0,56702,33062,27842,41894,44300,4926,8.69,9344,709,1.457
Z_mays_transgenic160Mprompt,39099,55560,0,55560,3909,3039,3232,5206,48008,86.41,9386,344,1.421
Z_mays_transgenic400M,38991,41135,0,41135,20476,7003,14270,26661,9775,23.76,1006,317,1.055
Z_mays_transgenic400M_prompt_denovo,38946,46172,0,46172,23529,9202,16302,28988,10386,22.49,2404,933,1.186
Z_mays_transgenic400Mprompt,117009,152898,0,152898,8760,4374,7173,9750,137685,90.05,13806,546,1.307
