Athaliana	training/ont/Athaliana/buffer_control_PRJNA1393863	SRR36603452	evidence/training/ont/Athaliana/buffer_control_PRJNA1393863/SRR36603452.fa.gz
Athaliana	training/ont/Athaliana/ck_control_PRJNA796315	SRR17556086	evidence/training/ont/Athaliana/ck_control_PRJNA796315/SRR17556086.fa.gz
Athaliana	training/ont/Athaliana/ck_control_PRJNA796315	SRR17556087	evidence/training/ont/Athaliana/ck_control_PRJNA796315/SRR17556087.fa.gz
Athaliana	training/ont/Athaliana/ck_control_PRJNA796315	SRR17556088	evidence/training/ont/Athaliana/ck_control_PRJNA796315/SRR17556088.fa.gz
Athaliana	training/ont/Athaliana/ck_control_PRJNA796315	SRR17556092	evidence/training/ont/Athaliana/ck_control_PRJNA796315/SRR17556092.fa.gz
Athaliana	training/ont/Athaliana/ck_control_PRJNA796315	SRR17556095	evidence/training/ont/Athaliana/ck_control_PRJNA796315/SRR17556095.fa.gz
Athaliana	training/ont/Athaliana/ck_control_PRJNA796315	SRR17556096	evidence/training/ont/Athaliana/ck_control_PRJNA796315/SRR17556096.fa.gz
Athaliana	training/ont/Athaliana/col0_DRP009401	DRR424731	evidence/training/ont/Athaliana/col0_DRP009401/DRR424731.fa.gz
Athaliana	training/ont/Athaliana/col0_DRP009401	DRR424732	evidence/training/ont/Athaliana/col0_DRP009401/DRR424732.fa.gz
Athaliana	training/ont/Athaliana/col0_DRP009401	DRR424733	evidence/training/ont/Athaliana/col0_DRP009401/DRR424733.fa.gz
Athaliana	training/ont/Athaliana/col0_nitrogen_PRJDB38182	DRR807190	evidence/training/ont/Athaliana/col0_nitrogen_PRJDB38182/DRR807190.fa.gz
Athaliana	training/ont/Athaliana/col0_nitrogen_PRJDB38182	DRR807191	evidence/training/ont/Athaliana/col0_nitrogen_PRJDB38182/DRR807191.fa.gz
Athaliana	training/ont/Athaliana/col0_nitrogen_PRJDB38182	DRR807192	evidence/training/ont/Athaliana/col0_nitrogen_PRJDB38182/DRR807192.fa.gz
Athaliana	training/ont/Athaliana/col0_nitrogen_PRJDB38182	DRR807196	evidence/training/ont/Athaliana/col0_nitrogen_PRJDB38182/DRR807196.fa.gz
Athaliana	training/ont/Athaliana/col0_nitrogen_PRJDB38182	DRR807197	evidence/training/ont/Athaliana/col0_nitrogen_PRJDB38182/DRR807197.fa.gz
Athaliana	training/ont/Athaliana/col0_nitrogen_PRJDB38182	DRR807198	evidence/training/ont/Athaliana/col0_nitrogen_PRJDB38182/DRR807198.fa.gz
Athaliana	training/ont/Athaliana/col0_stigma_PRJNA874115	SRR21232856	evidence/training/ont/Athaliana/col0_stigma_PRJNA874115/SRR21232856.fa.gz
Athaliana	training/ont/Athaliana/col0_stigma_PRJNA874115	SRR21232866	evidence/training/ont/Athaliana/col0_stigma_PRJNA874115/SRR21232866.fa.gz
Athaliana	training/ont/Athaliana/col0_stigma_PRJNA874115	SRR21232867	evidence/training/ont/Athaliana/col0_stigma_PRJNA874115/SRR21232867.fa.gz
Athaliana	training/ont/Athaliana/cui2020_PRJNA594286	SRR10611193	evidence/training/ont/Athaliana/cui2020_PRJNA594286/SRR10611193.fa.gz
Athaliana	training/ont/Athaliana/cui2020_PRJNA594286	SRR10611194	evidence/training/ont/Athaliana/cui2020_PRJNA594286/SRR10611194.fa.gz
Athaliana	training/ont/Athaliana/cui2020_PRJNA594286	SRR10611195	evidence/training/ont/Athaliana/cui2020_PRJNA594286/SRR10611195.fa.gz
Athaliana	training/ont/Athaliana/inflorescence_PRJNA596358	SRR10736515	evidence/training/ont/Athaliana/inflorescence_PRJNA596358/SRR10736515.fa.gz
Athaliana	training/ont/Athaliana/lncrna_survey_PRJNA765684	SRR16028259	evidence/training/ont/Athaliana/lncrna_survey_PRJNA765684/SRR16028259.fa.gz
Athaliana	training/ont/Athaliana/lncrna_survey_PRJNA765684	SRR16028260	evidence/training/ont/Athaliana/lncrna_survey_PRJNA765684/SRR16028260.fa.gz
Athaliana	training/ont/Athaliana/lncrna_survey_PRJNA765684	SRR16028261	evidence/training/ont/Athaliana/lncrna_survey_PRJNA765684/SRR16028261.fa.gz
Athaliana	training/ont/Athaliana/lncrna_survey_PRJNA765684	SRR16028266	evidence/training/ont/Athaliana/lncrna_survey_PRJNA765684/SRR16028266.fa.gz
Athaliana	training/ont/Athaliana/lncrna_survey_PRJNA765684	SRR16028277	evidence/training/ont/Athaliana/lncrna_survey_PRJNA765684/SRR16028277.fa.gz
Athaliana	training/ont/Athaliana/lncrna_survey_PRJNA765684	SRR16028278	evidence/training/ont/Athaliana/lncrna_survey_PRJNA765684/SRR16028278.fa.gz
Athaliana	training/ont/Athaliana/seed_flcdna_PRJNA1155260	SRR30505795	evidence/training/ont/Athaliana/seed_flcdna_PRJNA1155260/SRR30505795.fa.gz
Athaliana	training/ont/Athaliana/seed_flcdna_PRJNA1155260	SRR30505796	evidence/training/ont/Athaliana/seed_flcdna_PRJNA1155260/SRR30505796.fa.gz
Athaliana	training/ont/Athaliana/seed_flcdna_PRJNA1155260	SRR30505797	evidence/training/ont/Athaliana/seed_flcdna_PRJNA1155260/SRR30505797.fa.gz
Athaliana	training/ont/Athaliana/seed_flcdna_PRJNA1155260	SRR30505798	evidence/training/ont/Athaliana/seed_flcdna_PRJNA1155260/SRR30505798.fa.gz
Athaliana	training/ont/Athaliana/seed_flcdna_PRJNA1155260	SRR30505799	evidence/training/ont/Athaliana/seed_flcdna_PRJNA1155260/SRR30505799.fa.gz
Athaliana	training/ont/Athaliana/seed_flcdna_PRJNA1155260	SRR30505800	evidence/training/ont/Athaliana/seed_flcdna_PRJNA1155260/SRR30505800.fa.gz
Athaliana	training/ont/Athaliana/wt_only_PRJNA705300	SRR13799551	evidence/training/ont/Athaliana/wt_only_PRJNA705300/SRR13799551.fa.gz
Gmax	training/ont/Gmax/scn_roots_PRJNA803218	SRR17876321	evidence/training/ont/Gmax/scn_roots_PRJNA803218/SRR17876321.fa.gz
Gmax	training/ont/Gmax/scn_roots_PRJNA803218	SRR17876322	evidence/training/ont/Gmax/scn_roots_PRJNA803218/SRR17876322.fa.gz
Gmax	training/ont/Gmax/scn_roots_PRJNA803218	SRR17876323	evidence/training/ont/Gmax/scn_roots_PRJNA803218/SRR17876323.fa.gz
Gmax	training/ont/Gmax/scn_roots_PRJNA803218	SRR17876324	evidence/training/ont/Gmax/scn_roots_PRJNA803218/SRR17876324.fa.gz
Gmax	training/ont/Gmax/scn_roots_PRJNA803218	SRR17876325	evidence/training/ont/Gmax/scn_roots_PRJNA803218/SRR17876325.fa.gz
Gmax	training/ont/Gmax/scn_roots_PRJNA803218	SRR17876326	evidence/training/ont/Gmax/scn_roots_PRJNA803218/SRR17876326.fa.gz
Gmax	training/ont/Gmax/scn_roots_PRJNA803218	SRR17876327	evidence/training/ont/Gmax/scn_roots_PRJNA803218/SRR17876327.fa.gz
Gmax	training/ont/Gmax/scn_roots_PRJNA803218	SRR17876328	evidence/training/ont/Gmax/scn_roots_PRJNA803218/SRR17876328.fa.gz
Gmax	training/ont/Gmax/scn_roots_PRJNA803218	SRR17876329	evidence/training/ont/Gmax/scn_roots_PRJNA803218/SRR17876329.fa.gz
Gmax	training/ont/Gmax/wm82_graft_PRJNA648759	SRR12327364	evidence/training/ont/Gmax/wm82_graft_PRJNA648759/SRR12327364.fa.gz
Gmax	training/ont/Gmax/wm82_graft_PRJNA648759	SRR12327365	evidence/training/ont/Gmax/wm82_graft_PRJNA648759/SRR12327365.fa.gz
Gmax	training/ont/Gmax/wm82_graft_PRJNA648759	SRR12327382	evidence/training/ont/Gmax/wm82_graft_PRJNA648759/SRR12327382.fa.gz
Gmax	training/ont/Gmax/wm82_graft_PRJNA648759	SRR12327383	evidence/training/ont/Gmax/wm82_graft_PRJNA648759/SRR12327383.fa.gz
Gmax	training/ont/Gmax/wm82_graft_PRJNA648759	SRR12327384	evidence/training/ont/Gmax/wm82_graft_PRJNA648759/SRR12327384.fa.gz
Gmax	training/ont/Gmax/wm82_graft_PRJNA648759	SRR12327385	evidence/training/ont/Gmax/wm82_graft_PRJNA648759/SRR12327385.fa.gz
Gmax	training/ont/Gmax/wm82_graft_PRJNA648759	SRR12327386	evidence/training/ont/Gmax/wm82_graft_PRJNA648759/SRR12327386.fa.gz
Gmax	training/ont/Gmax/wm82_graft_PRJNA648759	SRR12327387	evidence/training/ont/Gmax/wm82_graft_PRJNA648759/SRR12327387.fa.gz
Gmax	training/ont/Gmax/wm82_seed_PRJNA416810	SRR6244032	evidence/training/ont/Gmax/wm82_seed_PRJNA416810/SRR6244032.fa.gz
Gmax	training/ont/Gmax/wm82_seed_PRJNA416810	SRR6244033	evidence/training/ont/Gmax/wm82_seed_PRJNA416810/SRR6244033.fa.gz
Gmax	training/ont/Gmax/wm82_seed_PRJNA416810	SRR6244034	evidence/training/ont/Gmax/wm82_seed_PRJNA416810/SRR6244034.fa.gz
Gmax	training/ont/Gmax/wm82_seed_PRJNA416810	SRR6244035	evidence/training/ont/Gmax/wm82_seed_PRJNA416810/SRR6244035.fa.gz
Gmax	training/ont/Gmax/wm82_seed_PRJNA416810	SRR6244036	evidence/training/ont/Gmax/wm82_seed_PRJNA416810/SRR6244036.fa.gz
Gmax	training/ont/Gmax/wm82_seed_PRJNA416810	SRR6244037	evidence/training/ont/Gmax/wm82_seed_PRJNA416810/SRR6244037.fa.gz
Gmax	training/ont/Gmax/wm82_seed_PRJNA416810	SRR6244038	evidence/training/ont/Gmax/wm82_seed_PRJNA416810/SRR6244038.fa.gz
Gmax	training/ont/Gmax/wm82_seed_PRJNA416810	SRR6244039	evidence/training/ont/Gmax/wm82_seed_PRJNA416810/SRR6244039.fa.gz
Gmax	training/ont/Gmax/wm82_seed_PRJNA416810	SRR6244040	evidence/training/ont/Gmax/wm82_seed_PRJNA416810/SRR6244040.fa.gz
Gmax	training/ont/Gmax/wm82_seed_PRJNA416810	SRR6244041	evidence/training/ont/Gmax/wm82_seed_PRJNA416810/SRR6244041.fa.gz
Osativa	training/ont/Osativa/indica_flagleaf_PRJNA1291274	SRR34539092	evidence/training/ont/Osativa/indica_flagleaf_PRJNA1291274/SRR34539092.fa.gz
Osativa	training/ont/Osativa/indica_flagleaf_PRJNA1291274	SRR34539093	evidence/training/ont/Osativa/indica_flagleaf_PRJNA1291274/SRR34539093.fa.gz
Osativa	training/ont/Osativa/indica_flagleaf_PRJNA1291274	SRR34539094	evidence/training/ont/Osativa/indica_flagleaf_PRJNA1291274/SRR34539094.fa.gz
Osativa	training/ont/Osativa/indica_flagleaf_PRJNA1291274	SRR34539095	evidence/training/ont/Osativa/indica_flagleaf_PRJNA1291274/SRR34539095.fa.gz
Osativa	training/ont/Osativa/indica_flagleaf_PRJNA1291274	SRR34539096	evidence/training/ont/Osativa/indica_flagleaf_PRJNA1291274/SRR34539096.fa.gz
Osativa	training/ont/Osativa/indica_flagleaf_PRJNA1291274	SRR34539097	evidence/training/ont/Osativa/indica_flagleaf_PRJNA1291274/SRR34539097.fa.gz
Osativa	training/ont/Osativa/nip_dRNA_6tissue_PRJNA752930	SRR15371758	evidence/training/ont/Osativa/nip_dRNA_6tissue_PRJNA752930/SRR15371758.fa.gz
Osativa	training/ont/Osativa/nip_dRNA_6tissue_PRJNA752930	SRR15371759	evidence/training/ont/Osativa/nip_dRNA_6tissue_PRJNA752930/SRR15371759.fa.gz
Osativa	training/ont/Osativa/nip_dRNA_6tissue_PRJNA752930	SRR15371761	evidence/training/ont/Osativa/nip_dRNA_6tissue_PRJNA752930/SRR15371761.fa.gz
Osativa	training/ont/Osativa/nip_dRNA_6tissue_PRJNA752930	SRR15558517	evidence/training/ont/Osativa/nip_dRNA_6tissue_PRJNA752930/SRR15558517.fa.gz
Osativa	training/ont/Osativa/nip_dRNA_6tissue_PRJNA752930	SRR15558518	evidence/training/ont/Osativa/nip_dRNA_6tissue_PRJNA752930/SRR15558518.fa.gz
Osativa	training/ont/Osativa/nip_dRNA_6tissue_PRJNA752930	SRR15558519	evidence/training/ont/Osativa/nip_dRNA_6tissue_PRJNA752930/SRR15558519.fa.gz
Osativa	training/ont/Osativa/nip_dRNA_6tissue_PRJNA752930	SRR15558520	evidence/training/ont/Osativa/nip_dRNA_6tissue_PRJNA752930/SRR15558520.fa.gz
Osativa	training/ont/Osativa/nip_dRNA_6tissue_PRJNA752930	SRR15558521	evidence/training/ont/Osativa/nip_dRNA_6tissue_PRJNA752930/SRR15558521.fa.gz
Osativa	training/ont/Osativa/nip_dRNA_6tissue_PRJNA752930	SRR15558522	evidence/training/ont/Osativa/nip_dRNA_6tissue_PRJNA752930/SRR15558522.fa.gz
Osativa	training/ont/Osativa/nip_dRNA_6tissue_PRJNA752930	SRR15558523	evidence/training/ont/Osativa/nip_dRNA_6tissue_PRJNA752930/SRR15558523.fa.gz
Osativa	training/ont/Osativa/nip_dRNA_6tissue_PRJNA752930	SRR15558524	evidence/training/ont/Osativa/nip_dRNA_6tissue_PRJNA752930/SRR15558524.fa.gz
Osativa	training/ont/Osativa/nip_dRNA_6tissue_PRJNA752930	SRR15558525	evidence/training/ont/Osativa/nip_dRNA_6tissue_PRJNA752930/SRR15558525.fa.gz
Osativa	training/ont/Osativa/nip_sheath_PRJNA1044249	SRR26927868	evidence/training/ont/Osativa/nip_sheath_PRJNA1044249/SRR26927868.fa.gz
Osativa	training/ont/Osativa/nip_sheath_PRJNA1044249	SRR26927869	evidence/training/ont/Osativa/nip_sheath_PRJNA1044249/SRR26927869.fa.gz
Osativa	training/ont/Osativa/nip_sheath_PRJNA1044249	SRR26927870	evidence/training/ont/Osativa/nip_sheath_PRJNA1044249/SRR26927870.fa.gz
Osativa	training/ont/Osativa/nip_sheath_PRJNA1044249	SRR26927871	evidence/training/ont/Osativa/nip_sheath_PRJNA1044249/SRR26927871.fa.gz
Osativa	training/ont/Osativa/nip_sheath_PRJNA1044249	SRR26927872	evidence/training/ont/Osativa/nip_sheath_PRJNA1044249/SRR26927872.fa.gz
Osativa	training/ont/Osativa/nip_sheath_PRJNA1044249	SRR26927873	evidence/training/ont/Osativa/nip_sheath_PRJNA1044249/SRR26927873.fa.gz
Osativa	training/ont/Osativa/nip_sheath_PRJNA1044249	SRR26927874	evidence/training/ont/Osativa/nip_sheath_PRJNA1044249/SRR26927874.fa.gz
Osativa	training/ont/Osativa/nip_sheath_PRJNA1044249	SRR26927875	evidence/training/ont/Osativa/nip_sheath_PRJNA1044249/SRR26927875.fa.gz
Osativa	training/ont/Osativa/nip_sheath_PRJNA1044249	SRR26927886	evidence/training/ont/Osativa/nip_sheath_PRJNA1044249/SRR26927886.fa.gz
Osativa	training/ont/Osativa/nip_sheath_PRJNA1044249	SRR26927887	evidence/training/ont/Osativa/nip_sheath_PRJNA1044249/SRR26927887.fa.gz
Ppatens	training/ont/Ppatens/dRNA_gametophore_PRJNA681088	SRR13154249	evidence/training/ont/Ppatens/dRNA_gametophore_PRJNA681088/SRR13154249.fa.gz
Ppatens	training/ont/Ppatens/dRNA_gametophore_PRJNA681088	SRR13154250	evidence/training/ont/Ppatens/dRNA_gametophore_PRJNA681088/SRR13154250.fa.gz
Ppatens	training/ont/Ppatens/dRNA_gametophore_PRJNA681088	SRR13154251	evidence/training/ont/Ppatens/dRNA_gametophore_PRJNA681088/SRR13154251.fa.gz
Ppatens	training/ont/Ppatens/dRNA_gametophore_PRJNA681088	SRR13154252	evidence/training/ont/Ppatens/dRNA_gametophore_PRJNA681088/SRR13154252.fa.gz
Ppatens	training/ont/Ppatens/dRNA_gametophore_PRJNA681088	SRR13154253	evidence/training/ont/Ppatens/dRNA_gametophore_PRJNA681088/SRR13154253.fa.gz
Ppatens	training/ont/Ppatens/dRNA_gametophore_PRJNA681088	SRR13154254	evidence/training/ont/Ppatens/dRNA_gametophore_PRJNA681088/SRR13154254.fa.gz
Ppatens	training/ont/Ppatens/dRNA_gametophore_PRJNA681088	SRR13154255	evidence/training/ont/Ppatens/dRNA_gametophore_PRJNA681088/SRR13154255.fa.gz
Ptrichocarpa	training/ont/Ptrichocarpa/sdx_dRNA_PRJNA517295	SRR12676675	evidence/training/ont/Ptrichocarpa/sdx_dRNA_PRJNA517295/SRR12676675.fa.gz
Ptrichocarpa	training/ont/Ptrichocarpa/sdx_dRNA_PRJNA517295	SRR12822922	evidence/training/ont/Ptrichocarpa/sdx_dRNA_PRJNA517295/SRR12822922.fa.gz
Ptrichocarpa	training/ont/Ptrichocarpa/sdx_dRNA_PRJNA517295	SRR12822923	evidence/training/ont/Ptrichocarpa/sdx_dRNA_PRJNA517295/SRR12822923.fa.gz
Ptrichocarpa	training/ont/Ptrichocarpa/sdx_dRNA_PRJNA517295	SRR12881185	evidence/training/ont/Ptrichocarpa/sdx_dRNA_PRJNA517295/SRR12881185.fa.gz
Ptrichocarpa	training/ont/Ptrichocarpa/sdx_dRNA_PRJNA517295	SRR8491764	evidence/training/ont/Ptrichocarpa/sdx_dRNA_PRJNA517295/SRR8491764.fa.gz
Ptrichocarpa	training/ont/Ptrichocarpa/sdx_drought_PRJNA672182	SRR12904202	evidence/training/ont/Ptrichocarpa/sdx_drought_PRJNA672182/SRR12904202.fa.gz
Ptrichocarpa	training/ont/Ptrichocarpa/sdx_drought_PRJNA672182	SRR12904551	evidence/training/ont/Ptrichocarpa/sdx_drought_PRJNA672182/SRR12904551.fa.gz
Ptrichocarpa	training/ont/Ptrichocarpa/sdx_drought_PRJNA672182	SRR12904624	evidence/training/ont/Ptrichocarpa/sdx_drought_PRJNA672182/SRR12904624.fa.gz
Ptrichocarpa	training/ont/Ptrichocarpa/sdx_drought_PRJNA672182	SRR12904635	evidence/training/ont/Ptrichocarpa/sdx_drought_PRJNA672182/SRR12904635.fa.gz
Ptrichocarpa	training/ont/Ptrichocarpa/sdx_drought_PRJNA672182	SRR13336716	evidence/training/ont/Ptrichocarpa/sdx_drought_PRJNA672182/SRR13336716.fa.gz
Ptrichocarpa	training/ont/Ptrichocarpa/sdx_drought_PRJNA672182	SRR13336717	evidence/training/ont/Ptrichocarpa/sdx_drought_PRJNA672182/SRR13336717.fa.gz
Sitalica	training/ont/Sitalica/ci846_salt_PRJNA1097621	SRR28589376	evidence/training/ont/Sitalica/ci846_salt_PRJNA1097621/SRR28589376.fa.gz
Sitalica	training/ont/Sitalica/ci846_salt_PRJNA1097621	SRR28589377	evidence/training/ont/Sitalica/ci846_salt_PRJNA1097621/SRR28589377.fa.gz
Sitalica	training/ont/Sitalica/ci846_salt_PRJNA1097621	SRR28589378	evidence/training/ont/Sitalica/ci846_salt_PRJNA1097621/SRR28589378.fa.gz
Sitalica	training/ont/Sitalica/ci846_salt_PRJNA1097621	SRR28589379	evidence/training/ont/Sitalica/ci846_salt_PRJNA1097621/SRR28589379.fa.gz
Sitalica	training/ont/Sitalica/ci846_salt_PRJNA1097621	SRR28589380	evidence/training/ont/Sitalica/ci846_salt_PRJNA1097621/SRR28589380.fa.gz
Sitalica	training/ont/Sitalica/ci846_salt_PRJNA1097621	SRR28589381	evidence/training/ont/Sitalica/ci846_salt_PRJNA1097621/SRR28589381.fa.gz
Sitalica	training/ont/Sitalica/ci846_salt_PRJNA1097621	SRR28589382	evidence/training/ont/Sitalica/ci846_salt_PRJNA1097621/SRR28589382.fa.gz
Sitalica	training/ont/Sitalica/ci846_salt_PRJNA1097621	SRR28589383	evidence/training/ont/Sitalica/ci846_salt_PRJNA1097621/SRR28589383.fa.gz
Sitalica	training/ont/Sitalica/ci846_salt_PRJNA1097621	SRR28589384	evidence/training/ont/Sitalica/ci846_salt_PRJNA1097621/SRR28589384.fa.gz
Vvinifera	training/ont/Vvinifera/callus_PRJNA732451	SRR14635690	evidence/training/ont/Vvinifera/callus_PRJNA732451/SRR14635690.fa.gz
Vvinifera	training/ont/Vvinifera/callus_PRJNA732451	SRR14635691	evidence/training/ont/Vvinifera/callus_PRJNA732451/SRR14635691.fa.gz
Vvinifera	training/ont/Vvinifera/pinotnoir_berry_PRJNA776245	SRR16682187	evidence/training/ont/Vvinifera/pinotnoir_berry_PRJNA776245/SRR16682187.fa.gz
Vvinifera	training/ont/Vvinifera/pinotnoir_berry_PRJNA776245	SRR16682188	evidence/training/ont/Vvinifera/pinotnoir_berry_PRJNA776245/SRR16682188.fa.gz
Vvinifera	training/ont/Vvinifera/pinotnoir_berry_PRJNA776245	SRR16682189	evidence/training/ont/Vvinifera/pinotnoir_berry_PRJNA776245/SRR16682189.fa.gz
Vvinifera	training/ont/Vvinifera/pinotnoir_berry_PRJNA776245	SRR16682190	evidence/training/ont/Vvinifera/pinotnoir_berry_PRJNA776245/SRR16682190.fa.gz
Vvinifera	training/ont/Vvinifera/pinotnoir_berry_PRJNA776245	SRR16682191	evidence/training/ont/Vvinifera/pinotnoir_berry_PRJNA776245/SRR16682191.fa.gz
Vvinifera	training/ont/Vvinifera/pinotnoir_berry_PRJNA776245	SRR16682192	evidence/training/ont/Vvinifera/pinotnoir_berry_PRJNA776245/SRR16682192.fa.gz
Vvinifera	training/ont/Vvinifera/pinotnoir_berry_PRJNA776245	SRR16682193	evidence/training/ont/Vvinifera/pinotnoir_berry_PRJNA776245/SRR16682193.fa.gz
Vvinifera	training/ont/Vvinifera/pinotnoir_berry_PRJNA776245	SRR16682194	evidence/training/ont/Vvinifera/pinotnoir_berry_PRJNA776245/SRR16682194.fa.gz
Vvinifera	training/ont/Vvinifera/pinotnoir_berry_PRJNA776245	SRR16682195	evidence/training/ont/Vvinifera/pinotnoir_berry_PRJNA776245/SRR16682195.fa.gz
